"insert into Driver(driver_name,password,current_position, phone, skills) values ('","Sawyer','","MWE39GNZ1UA','","4','","16790928 4619',","['Ganzmovac','Gulliver']);"
,"Drake','","OYM69FPC0YS','","NA','","16150421 2257',",['Gulliver']);
,"Ralph','","ZFX81NBF4PV','","Diggers Rest','","16221124 1274',",['Kiwirail']);
,"Sawyer','","DUS94GVJ8XS','","7','","16290418 6240',","['Mantagi','Gulliver']);"
,"Donovan','","ERQ87MWF2AM','","Williams Landing','","16800921 4290',","['Ganzmovac','Gulliver']);"
,"Amal','","GZI83LDV0FA','","NA','","16690408 5518',",['Gulliver']);
,"Francis','","WBK19CCC3GI','","Laverton','","16840914 7124',",['Kiwirail']);
,"Burke','","GPO02VXH9WQ','","15','","16611205 7945',","['Mantagi','Gulliver']);"
,"Josiah','","CZE84LTT0IL','","Keilor Plains','","16250302 2754',","['Ganzmovac','Gulliver']);"
,"Howard','","LZA88ZHJ2RY','","NA','","16430523 3258',",['Gulliver']);
,"Xenos','","AXG72GNK0NA','","Ginifer','","16110905 0813',","['Mantagi','Gulliver']);"
,"Jerome','","IAJ49JEH0BE','","22','","16100108 3649',","['Ganzmovac','Gulliver']);"
,"Davis','","QIV65ONM2IT','","NA','","16441215 5964',",['Gulliver']);
,"Knox','","QLH55JZX4NT','","Altona','","16790216 5484',",['Kiwirail']);
,"Richard','","LCJ95CHL1VX','","Sunshine','","16561021 5989',","['Mantagi','Gulliver']);"
,"Armando','","XDB36NCL7JX','","Seaholme','","16511124 7382',","['Ganzmovac','Gulliver']);"
,"Sean','","YSQ09EIA8YC','","NA','","16911110 5707',",['Gulliver']);
,"Emery','","UQE39HVP5YP','","Newport','","16880916 1972',",['Kiwirail']);
,"Ignatius','","MOZ65CKY8UX','","2','","16041029 4748',","['Mantagi','Gulliver']);"
,"Tanek','","IYR09NCD6CT','","NA','","16531214 7019',","['Ganzmovac','Gulliver']);"
,"George','","CYU62NOW6WL','","North Williamstown','","16340401 2670',",['Gulliver']);
,"Hamilton','","YSI82QJI9IL','","10','","16761215 8308',",['Kiwirail']);
,"Craig','","UDT38SGP0HS','","Middle Footscray','","16490521 1449',","['Mantagi','Gulliver']);"
,"Kennedy','","IVQ21QOD2JN','","NA','","16121116 0575',","['Ganzmovac','Gulliver']);"
,"Hop','","QKY61BPX4CE','","Seddon','","16220804 9573',",['Kiwirail']);
,"Tad','","APW83TOE2DT','","Footscray','","16290612 4892',","['Mantagi','Gulliver']);"
,"Harding','","BEO43WFG7DO','","NA','","16461013 9471',","['Ganzmovac','Gulliver']);"
,"Wayne','","ZHL63IMZ4UC','","12','","16211024 4544',",['Gulliver']);
,"Giacomo','","TBM90FOC8ZF','","Showgrounds','","16600101 1011',",['Kiwirail']);
,"Jasper','","CMZ51BYQ2PE','","15','","16021119 9963',","['Mantagi','Gulliver']);"
,"Uriah','","NEW44LSV7PB','","Essendon','","16740428 1474',","['Ganzmovac','Gulliver']);"
,"Clayton','","PPO41YDO9AF','","17','","16650204 8165',",Gulliver');
,"Wade','","RRJ65VYT2YB','","Moonee Ponds','","16550106 0916',",Kiwirail');
,"Cody','","VHV89UVJ3AQ','","Broadmeadows','","16130911 1209',","['Mantagi','Gulliver']);"
,"Damon','","FQV36CTH5GP','","20','","16091023 3790',","['Ganzmovac','Gulliver']);"
,"Lucas','","NVU86GNF2CZ','","NA','","16680106 0697',",['Gulliver']);
,"Chadwick','","RND72XHR5OH','","Ascot Vale','","16221201 3482',",['Kiwirail']);
,"Nash','","MTF74WAZ3NK','","South Kensington','","16990919 0598',","['Ganzmovac','Gulliver']);"
,"Beck','","IFR14ERN0YT','","33','","16910228 8348',",['Gulliver']);
,"Uriel','","WUE20NPS1MF','","Strathmore','","16170722 4349',",['Kiwirail']);
,"Gray','","ADO86KPZ9SE','","Pascoe Vale','","16250825 5904',","['Mantagi','Gulliver']);"
,"Yardley','","SCK40HTL3TB','","NA','","16440519 9136',","['Ganzmovac','Gulliver']);"
,"Robert','","CZC32FLS8KL','","Kensington','","16221225 8087',",['Gulliver']);
,"Odysseus','","FKU15APE1ZO','","Roxburgh Park','","16910610 4236',",['Kiwirail']);
,"Nissim','","ZMS83TIP4AR','","Macaulay','","16340926 7501',","['Mantagi','Gulliver']);"
,"Gavin','","WEK64JLS6QV','","Flemington Bridge','","16400209 0449',","['Ganzmovac','Gulliver']);"
,"Aristotle','","DGZ23SNU5VA','","25','","16030920 7488',",['Gulliver']);
,"Timothy','","JRR53XLW7CY','","Craigieburn','","16100628 2782',",['Kiwirail']);
,"Keaton','","MAP47OLO1ZW','","Upfield','","16771027 8412',","['Mantagi','Gulliver']);"
,"James','","XDK73ERS1IJ','","NA','","16880628 2003',","['Ganzmovac','Gulliver']);"
,"Brent','","UDT63KSN5YH','","Southern Cross','","16981011 7995',",['Gulliver']);
,"Gregory','","DDQ79FBP9TR','","35','","16440812 8025',","['Mantagi','Gulliver']);"
,"Ronan','","CBW41KZK8IE','","36','","16940627 8425',","['Ganzmovac','Gulliver']);"
,"Cade','","RUV50DLI0LY','","Gowrie','","16100521 2061',",['Gulliver']);
,"Beau','","NEG83TDT3XC','","38','","16990920 2484',",['Kiwirail']);
,"Silas','","SOU23EAY3KL','","41','","16280504 6824',","['Mantagi','Gulliver']);"
,"Hector','","MSU42FCE5XX','","Anstey','","16250110 6260',","['Ganzmovac','Gulliver']);"
,"Brock','","POF53JTU5HI','","Merlynston','","16610820 2372',",['Gulliver']);
,"Kenyon','","OBS77LSF9BL','","NA','","16130626 7095',",['Kiwirail']);
,"Leonard','","VDA24ULQ3VL','","Batman','","16841115 2351',","['Mantagi','Gulliver']);"
,"Cedric','","EDJ57YEZ6ML','","Coburg','","16720224 1811',","['Ganzmovac','Gulliver']);"
,"Emery','","TOC68GNS6KJ','","43','","16680202 8677',",['Gulliver']);
,"Orlando','","ZWY01CCC4WD','","Flinders Street','","16291022 0868',","['Mantagi','Gulliver']);"
,"Tyler','","HAI04PSA7RN','","46','","16371027 9195',","['Ganzmovac','Gulliver']);"
,"Jameson','","DZA20SQE9KA','","NA','","16250620 7675',",['Gulliver']);
,"Ferris','","IUW31GLY2ET','","Brighton Beach','","16420224 6338',",['Kiwirail']);
,"Brandon','","OMF11CVO5SQ','","Richmond','","16520702 4216',","['Mantagi','Gulliver']);"
,"Samuel','","WTI50UDF3TY','","Prahran','","16110901 8257',","['Ganzmovac','Gulliver']);"
,"Plato','","RDZ31XUH5YK','","NA','","16860505 7515',",['Gulliver']);
